id,name,price
34465,Twenty20 VholdR Mount Adhesive - 2200MA,6
38944,Panasonic LM-AF30U3 Three Pack Of Single-Sided 30 Minute DVD-RAM Discs - LMAF30U3,8.99
20447,Sony DVD-R Recordable Camcorder Media - 3DMR30L1H,9.99
35810,Canon KP-36IP Color Ink & Paper Set - 7737A001,12
36097,Canon Deluxe Black Digital Camera Case - 2595B002,13.99
19112,Sony Soft Cyber-Shot Carrying Case - LCSCST,14
36142,Sony Bud Style Headphones In Silver - MDRED12LPSLV,14
36143,Sony Bud Style Headphones In Red - MDRED12LPRED,14
9312,Panasonic Hands-Free Headset - KXTCA86,14.95
33664,Bracketron iPod Docking Kit - IPM202BL,14.95
26445,Nyko PlayStation 3 ChargeLink USB Charging Cable - 743840830009,14.99
17220,Panasonic 5-Pack DVD-RAM Discs - LMAF120LU5,15
33510,Monster Mini-To-Mini iCable For Car - AICMINIIP3S,15
37531,Case Logic Vertical Universal Leather BlackBerry Case - CLP104BB,15
20453,Canon Cyan Ink Tank - Cyan - CLI8C,16
20454,Canon Magenta Ink Tank - Magenta - CLI8M,16
20458,Canon Cyan Photo Ink Cartridge - Cyan - CLI8PC,16
20459,Canon Magenta Photo Ink Cartridge - Magenta - CLI8PM,16
20461,Canon Yellow Ink Cartridge - Yellow - CLI8Y,16
26617,Canon PGI-5BK Black Ink Tank Cartridge - PGI5BK,16
31332,Sony Universal Remote Control - RMEZ4,16
33044,Canon Green Photo Ink Cartridge - CLI8G,16
33045,Canon Red Photo Ink Cartridge - CLI8R,16
33047,Canon Black Photo Ink Cartridge - CLI8B,16
18040,Delonghi Oil Filters - FK8,18
36084,Canon Deluxe Burgundy Leather Case - 2350B001,18
20466,Canon Black Ink Cartridge - Black - PG40BK,19
24034,Sony DVD Remote Control For PS2 - Black Finish - 711719707608,19
30389,Apple Mini-DVI To DVI Adapter - M9321GB,19
32882,Pioneer Remote Control With DVD/Audio Controls - CDR55,19
34723,Sony 1GB Memory Stick PRO Duo Mark 2 Media Card - MSMT1G,19
35237,TomTom Black Carry Case - 9UEA01700,19
36197,Griffin iPhone SmartTalk - 3016SMRTLKB,19
27739,Electrolux Oxygen 3 Canister HEPA H12 Filter - EL012A,19.99
27501,Sirius FMDA25 Wired FM Modulation Relay - FMDA25,20
33024,Sennheiser Rechargeable Nickel-Metal Hydride Battery - BA151,20
38587,Canon Printer Color Ink Cartridge - CL211,20.99
16741,Delonghi Twenty Four Seven Coffee Maker In Black - DC50B,22
17094,Delonghi Twenty Four Seven Coffee Maker - DC50W,22
20448,Sony VAIO Neoprene Laptop Carrying Case - Black Finish - VGPAMC3,22
20450,Canon Color Ink Tank - CL41CL,24
21047,Sony VAIO Neoprene Notebook With AC Adapter Case - Black Finish - VGPAMC2,24
36149,Sony EX Ear Bud Headphones In Black - MDREX32LPBLK,24
36151,Sony EX Ear Bud Headphones In White - MDREX32LPWHI,24
36299,Griffin Black iPhone 3G Wave Case - 8227IP2WVB,24
36862,Griffin iPhone 3G Black Elan Form Hard-Shell Leather Case - 8223IP2EFRMB,24
38644,Skullcandy CHOPS Headphones In Black Chrome - HH26SKC01,24.95
23347,Sony PlayStation 2 DUALSHOCK 2 Analog Controller - Emerald Finish - 711719706205,24.99
23349,Sony PlayStation 2 8MB Memory Card - Black Finish - 711719702702,24.99
26444,Nyko PlayStation 3 Dual Charger AC - 743840830153,24.99
27407,Sony SCPH-98046 PlayStation 3 Blu-Ray DVD Remote Control - 711719804604,24.99
38500,DLO Black HybridShell For iPhone 3G - DLA4010717,24.99
9314,Panasonic Hands Free Headset  - KXTCA92,25
22101,Canon Photo Ink Cartridge - CL52,25
29933,Audiovox Xpress XM Satellite Radio FM Direct Adapter - XMFM1,25
32878,Garmin Vehicle Suction Cup Mount - 0101093600,25
36345,Transcend 8GB SDHC Card And Compact Card Reader - TS8GSDHC6S5W,26.3
33601,TomTom GPS Mount And USB Car Charger - 9S00006,28
24789,Terk Mini Tuner Cartridge For XM Ready Home Products - CNP2000,29
28433,Sony MRW62E/S1/181 17-In-1 External USB Memory Card Reader - MRW62ES1181,29
29228,Sony Black Active Speaker System - SRSA212BK,29
29338,Sony Memory Stick USB Adaptor - MSACUS40,29
29464,Sony Clip-On Black Headphones - MDRQ68LW,29
29758,Canon Black Ink Cartridge - PG50,29
37722,Apple iPod Nano Gray Armband - MB769GA,29
37808,Logitech Black V220 Cordless Optical Mouse For Notebooks - 910000153,29
38164,Apple USB Power Adapter - MB352LLB,29
38475,Linksys EtherFast10/100 5-Port Auto-Sensing Switch - EZXS55W,29
38796,Belkin Leather Folio For 2G iPod Touch - F8Z373,29
38813,Speck ToughSkin Black Case For 4th Generation iPod Nano - NN4TSBLK,29
39038,Case Logic Black In-Car DVD Player Case - PDVK10,29
13580,Sanus WMS3B Black Weather Resistant Small Speaker Wall Mount - WMS3B,29.99
13581,Sanus WMS3S Silver Weather Resistant Small Speaker Wall Mount - WMS3S,29.99
16758,Sanus Silver LCD Television Turntable - TVLCDS,29.99
34724,Sony 2GB Memory Stick PRO Duo Mark 2 Media Card - MSMT2G,29.99
35903,Sony 2GB Memory Stick Micro (M2) - MSA2GU2,29.99
35983,Panasonic DECT 6.0 Silver Digital Cordless Handset - KXTGA630S,29.99
25111,Terk Mini Tuner Home Dock For XM Ready Home Products - Black Finish - CNP2000H,30
25797,Garmin GPS Carrying Case - Black Finish - 0101070400,30
25950,Garmin 010-10702-00 Black GA 25MCX Remote GPS Antenna - 0101070200,30
32880,Garmin Suction Cup Mount And 12-Volt Adapter Kit - 0101097900,30
22729,Sony Lightweight Tripod - Black Finish - VCTR100,34
35415,Uniden DECT 6.0 Digital Accessory Handset  - DCX300,34
36931,Speck Black ToughSkin Case For iPhone 3G - IPH3GBLKTS,34
38324,Griffin Black iPhone 3G Clarifi Protective Case With Built-In Close-Up Lens - 8245IP2MGNFI,34
22798,Sanus VMAV Black VisionMount Component Wall Shelf VMAVB In Black - VMAVB,34.99
23350,Sony PlayStation 2 8MB Memory Card (2 Pack) - Red/Blue Finish - 711719706700,34.99
34102,Nyko Charge Base 2 Charger For PlayStation 3 Controller - 743840830535,34.99
22100,Canon High Capacity Color Ink Cartridge - Color Ink - CL51,35
26563,Sony Digital Photo Printer Paper 120 Pack - SVMF120P,35
32034,Kensington Orbit Optical Trackball Mouse - 64327,38
38486,Transcend 133X High-Speed 8GB Compact Flash Card - TS8GCF133,38
38920,Transcend JetFlash V10 16GB USB Flash Drive - TS16GJFV10,38
25855,Garmin Nuvi 360 010-10815-00 Black Replacement Vehicle Suction Cup Mount - 0101081500,39
25858,Garmin Nuvi 660 010-10747-03 Black 12 Volt Adapter Cable - 0101074703,39
26891,Garmin 010-10723-03 Nuvi Suction Cup Mount - 0101072303,39
28650,Griffin Elevator Brushed Aluminum Laptop Stand - 1093CURV2,39
29238,Panasonic Expandable Digital Cordless DECT 6.0 Handset In Silver - KXTGA101S,39
32877,Garmin Nuvi Portable Friction Mount - 0101090800,39
33532,TomTom GPS Mount And USB Car Charger - 9N00101,39
33790,Sony Silver Digital Voice Recorder - ICDB600,39
34557,Sony Black Earbud Style Headphones - MDREX55BK,39
37767,Kensington Combosaver Ultra Combination Notebook Lock - K64516US - K64516US,39
38455,Linksys Compact Wireless-G USB Adapter - WUSB54GC,39
38483,Transcend 8GB Micro Secure Digital Memory Card - TS8GUSDHC6,39
10101,Omnimount Wall Speaker Mount - 20WLBK,39.95
17417,Sanus 13' - 30' VisionMount Flat Panel TV Silver Wall Mount - VMFS,39.99
10102,Omnimount Wall Speaker Mount - 20WLWH,40
33053,Netgear ProSafe 5 Port 10/100 Desktop Switch - FS105,40
34476,Weber Premium Black Grill Cover - 7550,40
7936,Panasonic Integrated Telephone System - KXTS108W,44
38477,Linksys EtherFast 8-Port 10/100 Switch - EZXS88W,44
34256,Weber Cast Iron Griddle - 7531,44.99
34258,Weber Cast Iron Griddle - 7542,44.99
26059,Garmin 010-10823-00 Black Nuvi 660 Vehicle Suction Cup Mount - 0101082300,46
25857,Garmin Nuvi 360 010-10723-06 Black 12 Volt Adapter Cable - 0101072306,47
37652,Canon Printer Ink Cartridge 4 Colors Pack - 2946B004,47
20534,Pioneer Voice Command Pack - Black Finish - CDVC1,48
29677,Monster iFreePlay Cordless Headphones For iPod Shuffle - AISHHPHONE,48
34719,Panasonic DECT 6.0 Black Expandable Digital Cordless Phone - KXTG9361B,48
35853,Pioneer USB iPod Interface Cable - CDIU230V,48
4696,Sony Switcher - SBV40S,49
27479,Tripp-Lite PV375 PowerVerter 375-Watt Ultra-Compact Inverter - PV375,49
30533,Apple 1GB Silver iPod Shuffle - MB225LLA,49
31337,Sirius SiriusConnect Home Tuner - SCH1,49
31954,Sirius STILETTO 2 Home Docking Kit - SLH2,49
32112,Sirius Stiletto 2 Vehicle Kit - SLV2,49
32384,Logitech QuickCam Communicate STX - 961464,49
32493,Sirius Plug And Play Universal Home Kit - SUPH1,49
32546,Belkin Hi-Speed USB 2.0 7-Port Hub - F5U237APLS,49
32906,Sirius Dock And Play Universal Vehicle Kit - SUPV1,49
34968,Sony Splash Resistant Shower Radio - ICFS79W,49
36260,LaCie USB 2.0 Floppy Disk Drive - 706018,49
36993,Canon PIXMA iP2600 Photo Printer - IP2600,49
37211,Apple 1GB Pink 2nd Generation iPod Shuffle - MB811LLA,49
37623,Jabra Bluetooth Headset - BT2070,49
37803,Logitech White V470 Cordless Laser Mouse For Apple Notebooks - 910000692,49
37807,Logitech Black V450 Nano Cordless Laser Mouse For Notebooks - 910000619,49
39175,Logitech Digital Precision PC Gaming Headset - 981000040,49
19604,Kenwood iPod Mobile Interface - KCAIP500,49.99
27391,Kenwood KCA-IP300V iPod Video Direct Cable - KCAIP300V,49.99
23658,Apple USB Modem - White Finish - MA034ZA,54
37606,Netgear Prosafe 5 Port Gigabit Ethernet Desktop Switch - GS105NA,55
21268,Garmin StreetPilot C330 Dash Mount - Black Finish - 0101061300,57
33298,SIRIUS SiriusConnect Vehicle Kit In Black - SCVDOC1,59
36722,AppleCare Protection Plan For iPod Touch Or iPod Classic - MB591LLA,59
31813,Kenwood Sirius Radio Translator For In-Dash Head Units - KCASR50,60
38474,Linksys Gigabit 5-Port Workgroup Switch - EG005W,64
32889,Pioneer Sirius Bus Interface - CDSB10,68
30219,Apple Wireless Mighty Mouse - MB111LLA,69
30585,Panasonic Expandable Digital Cordless DECT 6.0 Phone System - KXTG1032S,69
30603,Panasonic Integrated White Telephone System With All-Digital Answering System - KXTS620W,69
32187,Motorola Portable Bluetooth Car Kit Speaker Phone - T305,69
32193,Sony HD-Handycam 3 Meters (10 Feet) HDMI Mini Cable - VMC30MHD,69
38343,Panasonic DECT 6.0 Pearl Silver Expandable Digital Cordless Phone System - KXTG6313S,69
38451,Linksys Dual-Band Wireless-N Notebook Adapter - WPC600N,69
38457,Linksys Dual-Band Wireless-N USB Network Adapter - WUSB600N,69
17596,Sanus 13' - 30' Flat Panel TV Black Wall Mount - VM1B,69.99
30591,Audiovox XpressEZ XM Satellite Radio Receiver - XMCK5P,69.99
9646,Cuisinart Cordless Electric Kettle - KUA17,70
24648,Waring Professional Cool-Touch Deep Fryer - Black/Stainless Steel Finish - DF100,70
30590,Panasonic 2 Line Integrated Corded Phone System - KXTSC14B,74
28020,Canon FAX-JX200 Inkjet Fax Machine - FAXJX200,78
27771,Fellowes Confetti Cut Shredder - W11C,79
30957,Linksys Wireless-G Broadband Router - WRT54GL,79
32033,Jabra Black Bluetooth Headset - BT5010,79
33786,Panasonic 5.8 GHz Black Expandable Digital Cordless Phone System - KXTG4323B,79
35851,Linksys Ultra RangePlus Wireless-N Broadband Router - WRT160N,79
36258,D-Link Broadband Cable Modem - DCM202,79
38473,Linksys EtherFast4116 16-Port 10/100 Ethernet Switch - EF4116,79
38704,VMware Fusion 2 For Mac - VMFM20BX2,79
38876,Apple iWork 09 Software Individual Pack For Mac - MB942ZA,79
39088,Logitech Cordless Desktop Wave Keyboard And Mouse Combo - 920000264,79
33864,Samsung Hi Definition Conversion DVD Player - DVD1080P8,79.9
38653,Sennheiser Orange And Silver In Ear Headphones - CX380,79.95
13700,Sanus Euro Foundations Satellite Speaker Stand - EFSATB,79.99
13701,Sanus Euro Foundations Satellite Speaker Stand - EFSATS,79.99
23537,Universal RF Series MasterControl Remote Control - RF20,79.99
25318,Terk XM Outdoor Home Antenna - Grey Finish - XM6,80
34253,Weber Gas Barbecue Rotisserie - 7519,80
33377,Linksys Wireless-G Ethernet Bridge - WET54G,89
36061,Toshiba Black DVD/VCR Combinaton Player - SDV296,89
36117,Griffin iPod RoadTrip With SmartScan - 4040RDTRPB,89
38449,Linksys Dual-Band Wireless-N Gaming Adapter - WGA600N,89
26695,Lowepro SlingShot 200 AW Digital Camera Back Pack - SLINGSHOT200AW,89.95
35900,Canon White Selphy CP760 Compact Photo Printer - 2565B001,95
31414,Sanus 15' - 32' Flat Panel TV Black Wall Mount - MF209B1,96
38767,Coby 7' Black Widescreen TFT Portable DVD CD MP3 Player - TFDVD7006,97
19132,Pioneer XM Digital Satellite Tuner for Pioneer Headunits - GEXP920XM,98
33081,Pioneer DEH-2000MP CD/MP3/WMA In-Dash Receiver - DEH2000MP,98
35045,Samsung Black Combo DVD/VHS Player - DVDV9800,98
23635,Panasonic Network Camera - White Finish - BLC1A,99
31881,Linksys Wireless-G PrintServer - WPSM54G,99
33440,Yamaha NS-AW190BL All-Weather Pair Speaker System - NSAW190BK,99
33458,Apple MacBook Air SuperDrive - MB397GA,99
33726,Boston Acoustics Solo AM/FM Large Display Clock Radio - HSOLOMDNT,99
34119,Sony Remote Control Tripod - VCT60AV,99
34174,Klipsch Groove PM20 Computer Speakers - GROOVEPM20BK,99
34595,Hoover EmPower Bagless Upright Vacuum - U5269,99
35519,BlueAnt Black Bluetooth Headset - Z9I,99
36286,Toshiba XDE Black 1080p Upconversion Extended Detail DVD Player - XDE500,99
36637,LaCie Little Disk 250GB Black Portable Hard Drive - 301278,99
37254,Canon PIXMA Black Photo Printer - IP4600,99
37686,Canon PIXMA Photo All-In-One Printer - MP480,99
38466,Linksys Wireless-G Internet Home Monitoring Camera - WVC54GCA,99
38880,Apple iWork 09 Software Family Pack For Mac - MB943ZA,99
39179,Linksys Wireless-G Range Expander - WRE54G,99
14070,Cuisinart Automatic Brew And Serve Coffeemaker - DTC975BK,99.95
26310,Bose In-Ear Black Headphones - BOSEIE,99.95
22306,Sanus Center Channel Speaker Mount - Black Finish - VMCC1B,99.99
25388,Sanus 9' - 17' VisionMount Series Under Cabinet Flat Panel TV Silver Wall Mount - VMUC1S,99.99
25749,Sanus 15' - 40' VisionMount Flat Panel TV Black Wall Mount - MT25B1,99.99
38726,Sanus SC1A Black VisionMount Series Ceiling Mount For Small LCD Flat Panels - SC1AB,99.99
22242,Cuisinart Programmable Coffeemaker - Stainless Steel Finish - DCC2000,100
32893,Pioneer HD Radio Tuner - GEXP10HD,100
36243,Monster iCarPlay Wireless 250 FM Transmitter With AutoScan for iPod And iPhone - AIPFMCH250,100
30841,Skagen Premium Steel Slimline Mesh Womens Watch - 233XSGG,110
23686,Linksys EtherFast 4124 24-Port Ethernet Switch - EF4124,119
24825,Panasonic Plain Paper Fax/Copier With Cordless Phone Answering System - Grey Finish - KXFG2451,119
36636,LaCie Little Disk 320GB Black Portable Hard Drive - 301829,119
37589,BlueAnt Bluetooth Voice Control Headset - V1,119
38507,Linksys Black Media Center Extender - DMA2100,119
23651,Pioneer 6.5' 2-Way Marine White Speakers - TSMR1640,120
29304,Haier 13' Silver Tube TV - HTR13,124
14061,Kenwood 6-Disc CD Changer - KDCC669,129
28979,Panasonic Countertop Microwave Oven In Black - NNSN667BK,129
28981,Panasonic Countertop Microwave Oven In White - NNSN667WH,129
33804,Motorola MotoRokr Portable Bluetooth Car Kit Speaker Phone - T505,129
36207,Logitech Driving Force Pro Steering Wheel With Pedals Set For Sony Playstation 2 - 9632930403,129
38346,Logitech QuickCam Vision Pro For Mac - 960000254,129
19141,Sanus Universal Projector Ceiling Mount -  Black Finish - VMPR1B,129.99
22558,Netgear RangeMax Wireless Access Point - White Finish - WPN802NA,130
25262,Netgear Prosafe 16 Port 10/100 Rackmount Switch - Black Finish - JFS516NA,131
33209,Sony 7' Digital Photo Frame In Black - DPFD70,139
34609,Panasonic DECT 6.0 Expandable Digital Cordless Phone With All-Digital Answering System - KXTG9344T,139
37495,Nintendo DS Lite Cobalt/Black Portable Gaming System - NDSUSGBMKB,139
37496,Nintendo DS Lite Onyx Black Portable Gaming System - NDSUSGSKB,139
37497,Nintendo DS Lite Metallic Silver Portable Gaming System - NDSUSGSVB,139
37499,Nintendo DS Lite Metallic Rose Portable Gaming System - NDSUSGSZPB,139
37558,Nintendo DS Lite Crimson/Black Portable Gaming System - NDSUSGSRMKB,139
38826,Cuisinart Exact Heat Matte Black Toaster Oven Broiler - TOB155,139
37187,Apple 8GB Silver 4th Generation iPod Nano - MB598LLA,144
37196,Apple 8GB Pink 4th Generation iPod Nano - MB735LLA,144
37207,Apple 8GB Black 4th Generation iPod Nano - MB754LLA,144
9355,Cuisinart Convection-Oven-Toaster-Broiler With Exact Heat Sensor - TOB165WH,149
16309,Sony Super Audio CD Player - SCDCE595,149
19628,Pioneer Wired Marine Remote Control Display - CDMR80D,149
19631,Bose Second Zone Remote - PMC2,149
26461,Linksys Wireless-G VPN Broadband Silver Router - WRV54G,149
30436,Olympus DS40 Digital Voice Recorder - DS40R,149
31014,Universal RF Base Station - MRF260,149
33437,Yamaha  All-Weather Pair Speaker System - NSAW390WH,149
33439,Yamaha NS-AW390BL All-Weather Pair Speaker System - NSAW390BK,149
34031,Sony Black USB Stereo Turntable System - PSLX300USB,149
36309,iHome iPod & iPhone Clock Radio & Audio System - IP99BR,149
37162,Canon PIXMA Photo All-In-One Printer - MP620,149
37192,Apple 8GB Blue 4th Generation iPod Nano - MB732LLA,149
37198,Apple 8GB Purple 4th Generation iPod Nano - MB739LLA,149
37202,Apple 8GB Green 4th Generation iPod Nano - MB745LLA,149
37825,Logitech MX Air Rechargeable Cordless Air Mouse - 931633,149
17187,Universal IR/RF Remote - MX350,149.95
14715,Toshiba Rechargeable 5-Hour Battery Pack - MEDB05LX,149.99
10640,Denon Semi-Automatic Turntable - Black Finish - DP29F,150
21554,Yamaha High Performance Subwoofer -  Black Finish - YSTFSW100BK,150
6284,Bose 27028 161 Bookshelf Pair Speakers In White - 161WH,158
34697,LaCie 500GB d2 Quadra External Hard Drive - 301825U,159
38345,Logitech diNovo Edge Keyboard Mac Edition - 920000924,159
35498,Sennheisser Hi-Fi Wireless Headphone - RS130,159.95
38697,Logitech Cordless Desktop MX 5500 Revolution Keyboard And Mouse Combination - 920000383,169
38492,Sony Telephoto Converter Lens - VCLDH1774,169.99
38142,Canon Pink 8.0 Megapixel PowerShot Digital Camera - SD1100ISP,178
35475,Sony DVD Recorder In Black - RDRGX360,179
38173,Panasonic DECT 6.0 2-Line Digital Expandable Corded/Cordless Phone System - KXTG9391T,179
38452,Linksys Simultaneous Dual-N Band Wireless Router - WRT610N,179
38735,Logitech diNovo Edge Keyboard Windows Edition - 967685,179
25829,Sanus 15' - 40' VisionMount Flat Panel TV Black Wall Mount - MF110B,179.99
38001,Sony 8' Black LCD Digital Photo Frame - DPFD80,179.99
27985,Yamaha Silver USB Powered Stereo Speaker - NXU10SIL,180
34905,Sony Black Camcorder Tripod - VCT80AV,180
33057,Pioneer Premier In-Dash CD/WMA/MP3/AAC Receiver - DEHP400UB,183
30343,Sony PSP 2000 Playstation Portable Gaming System Core 98510 In Piano Black - 711719851004,185
32579,Netgear Wireless Access Point - WG102,186
28304,Fellowes MicroShred Shredder - MS450CS,189
28205,Panasonic KX-TG6702B 5.8 GHz FHSS GigaRange Expandable Black Cordless Phone System - KXTG6702B,197
24615,Nikon 55-200MM Zoom-Nikkor Lens Accessory - 2156,199
27783,Sony VAIO VGP-PRSZ1 SZ Series Docking Station - VGPPRSZ1,199
29950,Panasonic NNSD797S Stainless Steel Countertop Microwave Oven - NNSD797SS,199
30939,Canon Color Image Silver Scanner - 8800F,199
30955,Sony Black LocationFree Base Station - LFV30,199
32625,Logitech diNovo Media Desktop Laser Keyboard And Mouse Combo - 967562,199
33382,Yamaha RX-V363BL 5.1 Channel Digital Home Theater Receiver In Black - RXV363BK,199
33883,Boston Acoustics Duo-I AM/FM Clock Radio With iPod Dock - HDUOIMDNT,199
34278,Sony 5.1 Channel Black A/V Receiver - STRDG520,199
35666,Sony Black 5.1 Channel Home Theater System - HTDDWG700,199
37716,Sanus 30' - 58' VisionMount Flat Panel TV Black Tilting Wall Mount - LT25B1,199
36803,Sony VAIO Black USB Docking Station - VGPUPR1,199.99
33150,Pioneer Premier In-Dash CD/WMA/MP3/AAC Receiver - DEHP500UB,208
35384,Sony Black DVD Recorder And VHS Combo Player - RDRVX560,219
17872,Sanus 15' - 40' Flat Panel TV Silver Wall Mount - VM400S,219.99
35748,Danby White Countertop Dishwasher - DDW497WH,222
9546,Frigidaire 24' White Built-In Dishwasher - FDB130WH,229
37181,Apple 8GB Black 2nd Generation iPod Touch - MB528LLA,229
38221,Canon EF 75-300mm F/4-5.6 III Telephoto Zoom Lens - 6473A003,246
34878,TomTom ONE 130S Car GPS Navigation System - 1EE005202,246.95
34880,TomTom ONE XL 330 Car GPS Navigation System - 1EG005200,246.95
25113,Denon 5-Disc CD Auto Changer - Black Finish - DCM290,249
25813,Tech Craft Avalon Series TV Stand - Black Finish - ABS32,249
26525,Bose SL2 Wireless Black Surround Link - SL2WIRELESS,249
33965,Logitech Harmony One Advanced Universal Remote Control - HARMONY1,249
36746,Nikon CoolPix S610 10 Megapixel Black  Digital Camera - COOLPIXS610BK,249
26117,Universal MRF-350 RF Black Base Station - MRF350,250
30575,GE 24' GSD2400NWW White Built-In Dishwasher - GSD2400WH,259
29612,Sharp Over The Counter White Microwave Oven - R1211WH,269
31635,Yamaha High Performance Subwoofer In Black - YSTFSW150BK,279
34392,Polk Audio CSI A4 Black Center Channel Loudspeaker - CSIA4BK,279.95
34393,Polk Audio CSI A4 Cherry Center Channel Loudspeaker - CSIA4CH,279.95
38003,Sony 10' Black LCD Digital Photo Frame - DPFD100,279.99
33921,Panasonic Black DVD Home Theater Sound System - SCPT660,289
34883,TomTom ONE XL 330S Car GPS Navigation System - 1EG005201,296.95
13213,Sony Compact Disc Player/Recorder - RCDW500C,299
21875,Netgear ProSafe 16 Port 10/100 Desktop Switch - Purple Finish - FS116P,299
24937,Omnimount Moda 2 Shelf Wall Furniture - MWFS,299
25814,Tech Craft Avalon Series TV Stand - SWP48,299
26805,Tech Craft ABS48 Antique Black Avalon Series 48' TV Stand - ABS48,299
32340,Klipsch Black Wireless iPod Speaker - ROOMGROOVE,299
32628,Apple 500GB Time Capsule Wireless Hard Drive - MB276LLA,299
34442,Sony 3.1 Channel Home Theater Surround System In Black - HTCT100,299
35060,Omnimount Stellar Series Audio Tower - G303DARK,299
37182,Apple 16GB Black 2nd Generation iPod Touch - MB531LLA,299
37257,Canon PIXMA Photo All-In-One Printer - MP980,299
37907,Sharp AQUOS Blu Ray Disc Player In Black And Silver - BDHP21U,299
38480,iRobot Robotic Floor Washer - 74249,299
34454,Polk Audio Black 10' Powered Subwoofer - PSW110BK,299.95
35990,Polk Audio White Round Two-Way In-Wall Loudspeaker  - TC60I,299.95
33021,Electrolux Harmony Series Canister Vacuum - EL6985B,299.99
34815,Pioneer Black Premier Single CD Receiver - DEHP700BT,308
11801,Escort Passport Radar And Laser Detector - Black Finish - 8500,313.95
30457,Sony Black DVD Recorder And VHS Combo Player - RDRVXD655,319
17479,Weber Performer 22-1/2' Charcoal Grill - 841001,329
18524,Weber Performer 22-1/2' Charcoal Grill - 848001,329
24693,Denon Fully Automatic Analog Turntable - DP300F,329
13996,Escort Cordless Solo Radar Detector - S2E,343.95
22727,Weber Q 300 Liquid Propane Outdoor Grill - 426001,349
25136,Denon 5 Disc CD Player - Black Finish - DCM390,349
38784,Sanus 30' - 50' Full-Motion Flat Panel TV Black Wall Mount - LRF118B1,349
36124,Denon Black AVR-1609 Home Theater Surround Sound Receiver - AVR1609,349.99
29133,Samsung DLP TV Stand In Black - TR72BX,369
6493,Denon Stereo Tuner - TU1500RD,375
35153,Weber Q 320 Liquid Propane Table And Outdoor Grill - 586002,379
18564,Whirlpool 24' Built-In Dishwasher - DU1055BK,397
580,Bose Acoustimass 5 Series III Speaker System - AM53BK,399
29272,Tech Craft Dark Cherry Veneto Series TV Stand - SWP60,399
30734,Tech Craft Veneto Series Black TV Stand - ABS60BK,399
32017,Microsoft Office Standard 2007 - 02107746,399
33455,Yamaha 5.1 Channel Home Theater In A Box System In Black  - YHT390BK,399
34016,Z-Line Portland Black TV Stand - ZL2344MU,399
34941,Sony 7.1 Channel Black A/V Receiver - STRDG820,399
36859,Denon D-M37 Black CD/AM/FM Micro System - DM37SBK,399
37183,Apple 32GB Black 2nd Generation iPod Touch - MB533LLA,399
38129,Sharp AQUOS Black Blu-ray Disc Player - BDHP50U,399
17191,Universal IR/RF Aeros Remote Control- MX850 - MX850,399.95
14563,Sharp Over The Counter Microwave Oven - R1214SS,429
28951,Escort Passport 9500I Radar And Laser Detector - 9500I,449.95
34395,Polk Audio CSI A6 Black Center Channel Loudspeaker - CSIA6BK,449.95
36123,Denon Black Home Theater Surround Sound Receiver - AVR1709,449.99
18567,Whirlpool 24' Built-In Dishwasher - DU1055SS,491
31032,Chestnut Hill Sound George iPod Music System In White - CHS4001,499
32150,Denon Networked Audio System With Built-In iPod Dock - S32,499
32630,Apple 1TB Time Capsule Wireless Hard Drive  - MB277LLA,499
33452,Yamaha 7.2 Channel Black Digital Home Theater Receiver - RXV663BK,499
35185,Sony Black Component Home Theater System - HT7200DH,499
35680,Denon Multi-Channel Digital Surround Sound Speaker System - DHTFS5,499
36077,Samsung 19' Black Flat Panel Series 6 LCD HDTV - LN19A650,499
36816,Nikon SB-900 AF Speedlight In Black - SB900,499
38873,Denon Home Theater Receiver And Boston Acoustics 5.1 Speaker System Package - DHT589BA,499
34424,Polk Audio 5.1 Channel Black Home Theater Speaker System - RM705BK,499.95
37796,Escort Passport 9500IX Radar Detector - 9500IX,503.95
39090,Mitsubishi DLP Black TV Stand - MBS73V,549
30134,Apple Mac Mini 1.83GHz Intel Core 2 Duo Computer - MB138LLA,599
36080,Samsung 22' Black Flat Panel Series 6 LCD HDTV - LN22A650,599
37174,TiVo HD XL Black Digital Video Recorder - TCD658000,599
34370,Sony Alpha DSLR Black Camera Body With 18-70mm Zoom Lens - DSLRA300K,599.99
21175,NetGear ProSafe 24 Port Smart Switch - FS726TP,605
27789,Weber Genesis E-310 Liquid Propane Black Outdoor Grill - 3741001,699
28175,Weber Genesis E-310 Natural Gas Black Outdoor Grill - 3841001,719
28190,Weber 3758301 Blue Genesis EP-320 LP Gas Grill - 3758301,749
29493,Netgear ProSafe 24-Port Smart Switch - GS724TP,780
38800,Canon EOS Rebel XSi Silver Digital SLR Camera - XSIREB1855S,799
39039,Garmin Nuvi 885T GPS Navigation System - 0100057730,799
27920,DeLonghi Magnifica Super-Automatic Espresso/Coffee Machine - ESAM3300,799.95
25167,Denon Progressive Scan Universal DVD Player - DVD2930CI,849
34033,Sony Digital SLR Camera With Lens Kit - DSLRA200W,849.99
27188,Weber Stainless Steel Genesis S-310 Liquid Propane Grill - 3770001,899
33453,Yamaha 7.2 Channel Black Digital Home Theater Receiver - RXV863BK,899
27793,Weber Genesis S-310 Natural Gas Stainless Steel Outdoor Grill - 3870001,919
27194,Weber Stainless Steel Genesis S320 LP Grill - 3780001,949
27197,Weber Stainless Steel Genesis S320 Natural Gas Grill - 3880001,969
38574,Sony BD/DVD Home Theater System - BDVIS1000,999
37039,Klipsch 5.25' THX Ultra2 In-Ceiling White Loudspeaker - KS7502THX,1000
38468,Danby Silhouette 60 Cans Beverage Center - DBC2760BLS,1000
38400,Sony VAIO JS Series Black All-In-One Desktop Computer - VGCJS130JB,1099
30203,Denon X-Space Surround Bar Home Theatre System In Black - DHTFS3,1199
36607,Denon 7.1 Channel AV Receiver With Network Client Compatible D-Dock Port In Black - AVR2809CI,1199.99
37872,Apple MacBook 2.4GHz Intel Core 2 Duo Silver Notebook Computer - MB467LLA,1599
30197,Denon 7.1 Channel Home Theater MultiMedia A/V Receiver With Networking In Black - AVR3808CI,1699.99
33938,Weber Summit E-620 Copper Liquid Propane Gas Outdoor Grill - 1752001,1899
37811,Sony VAIO LV Series Silver All-In-One Desktop Computer - VGCLV150J,1899
35530,Escort Passport 9500CI Radar Detector - 9500CI,1995
27186,Weber Stainless Steel Summit S-650 Liquid Propane Grill - 1780001,1999
33564,Denon Blu-ray Disc DVD/CD Player - DVD3800BDCI,1999
37877,Apple MacBook Pro 2.4GHz Intel Core 2 Duo Silver Notebook Computer - MB470LLA,1999
37878,Apple MacBook Pro 2.53GHz Intel Core 2 Duo Silver Notebook Computer - MB471LLA,2499
30196,Denon 7.1 Channel Home Theater MultiMedia A/V Receiver With Networking And WiFi - AVR4308CI,2699
38214,Canon Black 21.1 Megapixel EOS Digital SLR Camera Body - EOS5DMARKIIBODY,2699
35334,Mitsubishi 835 Diamond Series 73' 1080p DLP Rear Projection HDTV - WD73835,3499
37235,Sony BRAVIA Black SXRD 1080p Home Theater Front Projector - VPLHW10,3499
30453,Bose Lifestyle 48 Series IV 43479 Home Entertainment System - LS48IVWH,3999
37812,Sony VAIO RT Series Black All-In-One Desktop Computer - VGCRT150Y,3999
